<?xml version="1.0" encoding="UTF-8"?>
<addon id="repository.tbrek.tbrek-kodi-repo" name="tbrek/tbrek-kodi-repo Repository" version="1.0.2" provider-name="tbrek">
    <extension point="xbmc.addon.repository">
        
        <dir minversion="18.0.0">
            <info compressed="false">https://tbrek.github.io/tbrek-kodi-repo/master/addons.xml</info>
            <checksum>https://tbrek.github.io/tbrek-kodi-repo/master/addons.xml.md5</checksum>
            <datadir zip="true">https://tbrek.github.io/tbrek-kodi-repo/master/datadir/</datadir>
        </dir>

        <dir minversion="19.0.0">
            <info compressed="false">https://tbrek.github.io/tbrek-kodi-repo/matrix/addons.xml</info>
            <checksum>https://tbrek.github.io/tbrek-kodi-repo/matrix/addons.xml.md5</checksum>
            <datadir zip="true">https://tbrek.github.io/tbrek-kodi-repo/matrix/datadir/</datadir>
        </dir>

    </extension>
    <extension point="xbmc.addon.metadata">
        <summary lang="en_GB">A personal Kodi addon repository from https://github.com/tbrek/tbrek-kodi-repo</summary>
        <description lang="en_GB"></description>
        <language></language>
        <platform>all</platform>
        <license>GPL-3.0</license>
        <forum></forum>
        <source></source>
        <news></news>
        <disclaimer></disclaimer>
        <assets>
            <icon>resources/icon.png</icon>
            <fanart></fanart>
        </assets>
    </extension>
</addon>